Threshold,Precision,Recall,F1
0.2,0.31383201847705783,0.9509494640122511,0.4719208715378448
0.22,0.32196081517035174,0.9399234303215926,0.4796295934514623
0.24,0.3300395149202889,0.9273200612557427,0.4868174052859009
0.26,0.33894080643146696,0.9142266462480858,0.4945368092315084
0.28,0.34828636800113805,0.8998162327718223,0.5021922514807312
0.3,0.35753176043557167,0.8839356814701378,0.5091314836621197
0.32,0.3670875409963573,0.8673047473200612,0.5158437394686267
0.34,0.376807167582977,0.8501531393568147,0.5221746696138833
0.36,0.38683972316662035,0.8311485451761103,0.527954630570863
0.38,0.3974404097740701,0.8127565084226647,0.5338342461413117
0.4,0.4080080615956291,0.7936600306278714,0.5389503020975239
0.42,0.418582883270932,0.7738591117917305,0.5432954887541392
0.44,0.42988415300546445,0.7529555895865238,0.5472992903854181
0.46,0.44150043004189443,0.7310719754977029,0.5505307647509932
0.48,0.45307243391692414,0.7073966309341501,0.5523661474993273
0.5,0.4658969915864632,0.6834915773353752,0.5540975058659946
0.52,0.4785085620820491,0.6585758039816233,0.5542845727027254
0.54,0.49117155810069196,0.6304747320061256,0.5521727467811158
0.56,0.5045976274446938,0.602542113323124,0.549237480369918
0.58,0.5184830837493067,0.5726339969372128,0.5442148158928831
0.6,0.5336288389343706,0.5420214395099541,0.5377923982161714
